{
    "lip_rgb_variance_r": {
        "mean": 456.17227379999997,
        "std": 108.35993424046472
    },
    "lip_rgb_variance_g": {
        "mean": 418.0117116461539,
        "std": 123.9673680209096
    },
    "lip_rgb_variance_b": {
        "mean": 248.11967919615384,
        "std": 89.48650632894027
    },
    "lip_hsv_variance_h": {
        "mean": 676.538252608077,
        "std": 1319.7384475109568
    },
    "lip_hsv_variance_s": {
        "mean": 132.77235083269233,
        "std": 70.89448706208367
    },
    "lip_hsv_variance_v": {
        "mean": 456.17227379999997,
        "std": 108.35993424046472
    },
    "lip_std_rgb": {
        "mean": 36.01254367,
        "std": 2.5426294904259206
    },
    "lip_std_hue": {
        "mean": 18.4857279945,
        "std": 18.660352560768747
    },
    "lip_mean_red": {
        "mean": 150.8628990076923,
        "std": 10.805638861714003
    },
    "lip_mean_hue": {
        "mean": 10.338252224423076,
        "std": 10.151450497061425
    },
    "lip_mean_saturation": {
        "mean": 119.3803244307692,
        "std": 6.218918595332411
    },
    "lip_cv_red": {
        "mean": 0.14142413888461539,
        "std": 0.020198416075085594
    },
    "eye_variance_hue": {
        "mean": 140.07038567507692,
        "std": 214.01953858750443
    },
    "eye_variance_saturation": {
        "mean": 660.8429248692307,
        "std": 222.56387790128642
    },
    "eye_variance_value": {
        "mean": 632.6554548461538,
        "std": 159.06596197060983
    },
    "eye_dark_circle_indicator": {
        "mean": 128.14923076923077,
        "std": 11.854816831290066
    },
    "eye_color_uniformity": {
        "mean": 0.08684629507692308,
        "std": 0.09259759470115642
    },
    "skin_lab_variance_l": {
        "mean": 111.73966444846154,
        "std": 47.34701703943161
    },
    "skin_lab_variance_a": {
        "mean": 4.875872287423077,
        "std": 2.4806755012460107
    },
    "skin_lab_variance_b": {
        "mean": 3.6804932995384614,
        "std": 1.7493354093686677
    },
    "skin_pallor_indicator": {
        "mean": 144.73960113846152,
        "std": 15.285116839205005
    },
    "skin_redness_indicator": {
        "mean": 143.30963911923075,
        "std": 2.257016184817587
    },
    "skin_yellowness_indicator": {
        "mean": 149.23651472307694,
        "std": 2.480100864712691
    }
}